{
  "phaseA_asr": {
    "S0": {
      "n": 5,
      "mean": 222.34549522399902,
      "p50": 222.80311584472656,
      "p95": 223.97923469543457
    },
    "S1": {
      "n": 5,
      "mean": 223.76227378845215,
      "p50": 223.61421585083008,
      "p95": 224.41864013671875
    },
    "S2": {
      "n": 5,
      "mean": 356.09092712402344,
      "p50": 347.7973937988281,
      "p95": 373.6155033111572
    },
    "S3": {
      "n": 5,
      "mean": 444.6619510650635,
      "p50": 447.2050666809082,
      "p95": 467.38672256469727
    },
    "S4": {
      "n": 5,
      "mean": 503.2613277435303,
      "p50": 503.3550262451172,
      "p95": 506.8345069885254
    }
  },
  "phaseB_tts": {
    "T0": {
      "n": 5,
      "mean": 1396.3090419769287,
      "p50": 1323.3156204223633,
      "p95": 1646.8327045440674
    },
    "T1": {
      "n": 5,
      "mean": 1811.0011100769043,
      "p50": 1791.2967205047607,
      "p95": 2087.2490406036377
    },
    "T2": {
      "n": 5,
      "mean": 2261.038827896118,
      "p50": 2265.4483318328857,
      "p95": 2471.151351928711
    },
    "T3": {
      "n": 5,
      "mean": 3045.07098197937,
      "p50": 3042.9556369781494,
      "p95": 3288.1271839141846
    },
    "T4": {
      "n": 5,
      "mean": 4048.4519004821777,
      "p50": 4140.3820514678955,
      "p95": 4202.309131622314
    }
  },
  "phaseC_asr": {
    "S0": {
      "n": 5,
      "mean": 1767.8297519683838,
      "p50": 1839.231014251709,
      "p95": 1874.159336090088
    },
    "S1": {
      "n": 5,
      "mean": 2015.841817855835,
      "p50": 1930.7739734649658,
      "p95": 2300.607442855835
    },
    "S2": {
      "n": 5,
      "mean": 2852.3908138275146,
      "p50": 2869.9424266815186,
      "p95": 2969.4156646728516
    },
    "S3": {
      "n": 5,
      "mean": 3629.188108444214,
      "p50": 3689.159154891968,
      "p95": 4058.2871437072754
    },
    "S4": {
      "n": 5,
      "mean": 4609.058952331543,
      "p50": 4618.695974349976,
      "p95": 4856.5263748168945
    }
  },
  "phaseC_tts": {
    "T0": {
      "n": 5,
      "mean": 1704.8495769500732,
      "p50": 1779.3066501617432,
      "p95": 1882.812261581421
    },
    "T1": {
      "n": 5,
      "mean": 2033.6426734924316,
      "p50": 1994.703769683838,
      "p95": 2301.908016204834
    },
    "T2": {
      "n": 5,
      "mean": 2805.344295501709,
      "p50": 2746.4518547058105,
      "p95": 3022.6900577545166
    },
    "T3": {
      "n": 5,
      "mean": 3615.2050018310547,
      "p50": 3695.962429046631,
      "p95": 4072.9782581329346
    },
    "T4": {
      "n": 5,
      "mean": 4608.245849609375,
      "p50": 4613.074779510498,
      "p95": 4925.2307415008545
    }
  },
  "phaseC_total_wall_s": 74.37513494491577,
  "A_per_token_ms": {
    "n": 25,
    "mean": 25.192,
    "p50": 23.2,
    "p95": 32.1
  },
  "A_inference_ms": {
    "n": 25,
    "mean": 332.52,
    "p50": 332.0,
    "p95": 482.0
  },
  "C_per_token_ms": {
    "n": 25,
    "mean": 30.684,
    "p50": 31.8,
    "p95": 36.6
  },
  "C_inference_ms": {
    "n": 25,
    "mean": 388.6,
    "p50": 438.0,
    "p95": 543.0
  }
}